first_name,middle_name,last_name,email ,phone,date_of_birth,social_facebook_url,social_instagram_url,social_linkedin_url,social_twitter_url,social_custom_url,notes,address,profile_picture_relative_url,likes,dislikes,created_by_email 
Orla,Willa Owens,Duncan,qokylyxo@mailinator.com,12345654321,12/1/2022,https://www.luvoxil.net,https://www.ryfumi.org.uk,https://www.vuxamifu.co.uk,https://www.vyqeqozihagac.mobi,https://www.retivequsu.org,Aut id aliquid ut si,Aut voluptatem volup,https://cdn-icons-png.flaticon.com/512/219/219986.png,,,admin@softpers.com
Orla,,Duncan 2,testo@mailinator.com,12345654322,12/2/2022,https://www.luvoxil.net,https://www.ryfumi.org.uk,https://www.vuxamifu.co.uk,https://www.vyqeqozihagac.mobi,https://www.retivequsu.org,Aut id aliquid ut si,Aut voluptatem volup,https://www.citypng.com/public/uploads/preview/hd-man-user-illustration-icon-transparent-png-11640168385tqosatnrny.png,,,admin@softpers.com
Orla,Willa Owens,Duncan 3,qo2343kylyxo@mailinator.com,12345654323,12/3/2022,https://www.luvoxil.net,https://www.ryfumi.org.uk,https://www.vuxamifu.co.uk,https://www.vyqeqozihagac.mobi,https://www.retivequsu.org,Aut id aliquid ut si,Aut voluptatem volup,https://www.iconpacks.net/icons/1/free-user-group-icon-296-thumb.png,,,admin@softpers.com
Orla,Willa Owens,Duncan 4,qo23232kylyxo@mailinator.com,12345654324,12/4/2022,https://www.luvoxil.net,https://www.ryfumi.org.uk,https://www.vuxamifu.co.uk,https://www.vyqeqozihagac.mobi,https://www.retivequsu.org,Aut id aliquid ut si,Aut voluptatem volup,,,,admin@softpers.com
Orla,Willa Owens,Duncan 5,qowew2kylyxo@mailinator.com,12345654325,12/5/2022,https://www.luvoxil.net,https://www.ryfumi.org.uk,https://www.vuxamifu.co.uk,https://www.vyqeqozihagac.mobi,https://www.retivequsu.org,Aut id aliquid ut si,Aut voluptatem volup,,,,admin@softpers.com
Orla,Willa Owens,Duncan 6,qokylyxo@mailinator.com,12345654326,12/6/2022,https://www.luvoxil.net,https://www.ryfumi.org.uk,https://www.vuxamifu.co.uk,https://www.vyqeqozihagac.mobi,https://www.retivequsu.org,Aut id aliquid ut si,Aut voluptatem volup,,,,admin@softpers.com
Orla,Willa Owens,Duncan 7,qokylyxo@mailinator.com,12345654327,12/7/2022,https://www.luvoxil.net,https://www.ryfumi.org.uk,https://www.vuxamifu.co.uk,https://www.vyqeqozihagac.mobi,https://www.retivequsu.org,Aut id aliquid ut si,Aut voluptatem volup,,,,admin@softpers.com
Orla,Willa Owens,Duncan 8,qokylyxo@mailinator.com,12345654328,12/8/2022,https://www.luvoxil.net,https://www.ryfumi.org.uk,https://www.vuxamifu.co.uk,https://www.vyqeqozihagac.mobi,https://www.retivequsu.org,Aut id aliquid ut si,Aut voluptatem volup,,,,admin@softpers.com
Orla,Willa Owens,Duncan 9,qokylyxo@mailinator.com,12345654329,12/9/2022,https://www.luvoxil.net,https://www.ryfumi.org.uk,https://www.vuxamifu.co.uk,https://www.vyqeqozihagac.mobi,https://www.retivequsu.org,Aut id aliquid ut si,Aut voluptatem volup,,,,admin@softpers.com
Orla,Willa Owens,Duncan 10,qokylyxo@mailinator.com,12345654330,12/10/2022,https://www.luvoxil.net,https://www.ryfumi.org.uk,https://www.vuxamifu.co.uk,https://www.vyqeqozihagac.mobi,https://www.retivequsu.org,Aut id aliquid ut si,Aut voluptatem volup,,,,admin@softpers.com
Orla,Willa Owens,Duncan 11,qokylyxo@mailinator.com,12345654331,12/11/2022,https://www.luvoxil.net,https://www.ryfumi.org.uk,https://www.vuxamifu.co.uk,https://www.vyqeqozihagac.mobi,https://www.retivequsu.org,Aut id aliquid ut si,Aut voluptatem volup,,,,admin@softpers.com
Orla,Willa Owens,Duncan 12,qokylyxo@mailinator.com,12345654332,12/12/2022,https://www.luvoxil.net,https://www.ryfumi.org.uk,https://www.vuxamifu.co.uk,https://www.vyqeqozihagac.mobi,https://www.retivequsu.org,Aut id aliquid ut si,Aut voluptatem volup,,,,admin@softpers.com
Orla,Willa Owens,Duncan 13,qokylyxo@mailinator.com,12345654333,12/13/2022,https://www.luvoxil.net,https://www.ryfumi.org.uk,https://www.vuxamifu.co.uk,https://www.vyqeqozihagac.mobi,https://www.retivequsu.org,Aut id aliquid ut si,Aut voluptatem volup,,,,admin@softpers.com
Orla,Willa Owens,Duncan 14,qokylyxo@mailinator.com,12345654334,12/14/2022,https://www.luvoxil.net,https://www.ryfumi.org.uk,https://www.vuxamifu.co.uk,https://www.vyqeqozihagac.mobi,https://www.retivequsu.org,Aut id aliquid ut si,Aut voluptatem volup,,,,admin@softpers.com
Orla,Willa Owens,Duncan 15,qokylyxo@mailinator.com,12345654335,12/15/2022,https://www.luvoxil.net,https://www.ryfumi.org.uk,https://www.vuxamifu.co.uk,https://www.vyqeqozihagac.mobi,https://www.retivequsu.org,Aut id aliquid ut si,Aut voluptatem volup,,,,admin@softpers.com
Orla,Willa Owens,Duncan 16,qokylyxo@mailinator.com,12345654336,12/16/2022,https://www.luvoxil.net,https://www.ryfumi.org.uk,https://www.vuxamifu.co.uk,https://www.vyqeqozihagac.mobi,https://www.retivequsu.org,Aut id aliquid ut si,Aut voluptatem volup,,,,admin@softpers.com
Orla,Willa Owens,Duncan 17,qokylyxo@mailinator.com,12345654337,12/17/2022,https://www.luvoxil.net,https://www.ryfumi.org.uk,https://www.vuxamifu.co.uk,https://www.vyqeqozihagac.mobi,https://www.retivequsu.org,Aut id aliquid ut si,Aut voluptatem volup,,,,admin@softpers.com
Orla,Willa Owens,Duncan 18,qokylyxo@mailinator.com,12345654338,12/18/2022,https://www.luvoxil.net,https://www.ryfumi.org.uk,https://www.vuxamifu.co.uk,https://www.vyqeqozihagac.mobi,https://www.retivequsu.org,Aut id aliquid ut si,Aut voluptatem volup,,,,admin@softpers.com
Orla,Willa Owens,Duncan 19,qokylyxo@mailinator.com,12345654339,12/19/2022,https://www.luvoxil.net,https://www.ryfumi.org.uk,https://www.vuxamifu.co.uk,https://www.vyqeqozihagac.mobi,https://www.retivequsu.org,Aut id aliquid ut si,Aut voluptatem volup,,,,admin@softpers.com
Orla,,Duncan 20,qokylyxo@mailinator.com,12345654340,12/20/2022,https://www.luvoxil.net,https://www.ryfumi.org.uk,https://www.vuxamifu.co.uk,https://www.vyqeqozihagac.mobi,https://www.retivequsu.org,Aut id aliquid ut si,Aut voluptatem volup,,,,admin@softpers.com
Orla,,Duncan 21,qokylyxo@mailinator.com,12345654341,12/21/2022,https://www.luvoxil.net,https://www.ryfumi.org.uk,https://www.vuxamifu.co.uk,https://www.vyqeqozihagac.mobi,https://www.retivequsu.org,Aut id aliquid ut si,Aut voluptatem volup,,,,admin@softpers.com
Orla,,Duncan 22,qokylyxo@mailinator.com,12345654342,12/22/2022,https://www.luvoxil.net,https://www.ryfumi.org.uk,https://www.vuxamifu.co.uk,https://www.vyqeqozihagac.mobi,https://www.retivequsu.org,Aut id aliquid ut si,Aut voluptatem volup,,,,admin@softpers.com
Orla,,Duncan 23,qokylyxo@mailinator.com,12345654343,12/23/2022,https://www.luvoxil.net,https://www.ryfumi.org.uk,https://www.vuxamifu.co.uk,https://www.vyqeqozihagac.mobi,https://www.retivequsu.org,Aut id aliquid ut si,Aut voluptatem volup,,,,admin@softpers.com
Orla,,Duncan 24,qokylyxo@mailinator.com,12345654344,12/24/2022,https://www.luvoxil.net,https://www.ryfumi.org.uk,https://www.vuxamifu.co.uk,https://www.vyqeqozihagac.mobi,https://www.retivequsu.org,Aut id aliquid ut si,Aut voluptatem volup,,,,admin@softpers.com
Orla,,Duncan 25,qokylyxo@mailinator.com,12345654345,12/25/2022,https://www.luvoxil.net,https://www.ryfumi.org.uk,https://www.vuxamifu.co.uk,https://www.vyqeqozihagac.mobi,https://www.retivequsu.org,Aut id aliquid ut si,Aut voluptatem volup,,,,admin@softpers.com
Orla,,Duncan 26,qokylyxo@mailinator.com,12345654346,12/26/2022,https://www.luvoxil.net,https://www.ryfumi.org.uk,https://www.vuxamifu.co.uk,https://www.vyqeqozihagac.mobi,https://www.retivequsu.org,Aut id aliquid ut si,Aut voluptatem volup,,,,admin@softpers.com
Orla,,Duncan 27,qokylyxo@mailinator.com,12345654347,12/27/2022,https://www.luvoxil.net,https://www.ryfumi.org.uk,https://www.vuxamifu.co.uk,https://www.vyqeqozihagac.mobi,https://www.retivequsu.org,Aut id aliquid ut si,Aut voluptatem volup,,,,admin@softpers.com
Orla,,Duncan 28,qokylyxo@mailinator.com,12345654348,12/28/2022,https://www.luvoxil.net,https://www.ryfumi.org.uk,https://www.vuxamifu.co.uk,https://www.vyqeqozihagac.mobi,https://www.retivequsu.org,Aut id aliquid ut si,Aut voluptatem volup,,,,admin@softpers.com
Orla,,Duncan 29,qokylyxo@mailinator.com,12345654349,12/29/2022,https://www.luvoxil.net,https://www.ryfumi.org.uk,https://www.vuxamifu.co.uk,https://www.vyqeqozihagac.mobi,https://www.retivequsu.org,Aut id aliquid ut si,Aut voluptatem volup,,,,admin@softpers.com
Orla,,Duncan 30,qokylyxo@mailinator.com,12345654350,12/30/2022,https://www.luvoxil.net,https://www.ryfumi.org.uk,https://www.vuxamifu.co.uk,https://www.vyqeqozihagac.mobi,https://www.retivequsu.org,Aut id aliquid ut si,Aut voluptatem volup,,,,admin@softpers.com
Orla,,Duncan 31,qokylyxo@mailinator.com,12345654351,12/31/2022,https://www.luvoxil.net,https://www.ryfumi.org.uk,https://www.vuxamifu.co.uk,https://www.vyqeqozihagac.mobi,https://www.retivequsu.org,Aut id aliquid ut si,Aut voluptatem volup,,,,admin@softpers.com
Orla,,Duncan 32,qokylyxo@mailinator.com,12345654352,1/1/2023,https://www.luvoxil.net,https://www.ryfumi.org.uk,https://www.vuxamifu.co.uk,https://www.vyqeqozihagac.mobi,https://www.retivequsu.org,Aut id aliquid ut si,Aut voluptatem volup,,,,admin@softpers.com
Orla,,Duncan 33,qokylyxo@mailinator.com,12345654353,1/2/2023,https://www.luvoxil.net,https://www.ryfumi.org.uk,https://www.vuxamifu.co.uk,https://www.vyqeqozihagac.mobi,https://www.retivequsu.org,Aut id aliquid ut si,Aut voluptatem volup,,,,admin@softpers.com
Orla,,Duncan 34,qokylyxo@mailinator.com,12345654354,1/3/2023,https://www.luvoxil.net,https://www.ryfumi.org.uk,https://www.vuxamifu.co.uk,https://www.vyqeqozihagac.mobi,https://www.retivequsu.org,Aut id aliquid ut si,Aut voluptatem volup,,,,admin@softpers.com
Orla,,Duncan 35,qokylyxo@mailinator.com,12345654355,1/4/2023,https://www.luvoxil.net,https://www.ryfumi.org.uk,https://www.vuxamifu.co.uk,https://www.vyqeqozihagac.mobi,https://www.retivequsu.org,Aut id aliquid ut si,Aut voluptatem volup,,,,admin@softpers.com
Orla,,Duncan 36,qokylyxo@mailinator.com,12345654356,1/5/2023,https://www.luvoxil.net,https://www.ryfumi.org.uk,https://www.vuxamifu.co.uk,https://www.vyqeqozihagac.mobi,https://www.retivequsu.org,Aut id aliquid ut si,Aut voluptatem volup,,,,admin@softpers.com
Orla,,Duncan 37,qokylyxo@mailinator.com,12345654357,1/6/2023,https://www.luvoxil.net,https://www.ryfumi.org.uk,https://www.vuxamifu.co.uk,https://www.vyqeqozihagac.mobi,https://www.retivequsu.org,Aut id aliquid ut si,Aut voluptatem volup,,,,admin@softpers.com
Orla,,Duncan 38,qokylyxo@mailinator.com,12345654358,1/7/2023,https://www.luvoxil.net,https://www.ryfumi.org.uk,https://www.vuxamifu.co.uk,https://www.vyqeqozihagac.mobi,https://www.retivequsu.org,Aut id aliquid ut si,Aut voluptatem volup,,,,admin@softpers.com
Orla,,Duncan 39,qokylyxo@mailinator.com,12345654359,1/8/2023,https://www.luvoxil.net,https://www.ryfumi.org.uk,https://www.vuxamifu.co.uk,https://www.vyqeqozihagac.mobi,https://www.retivequsu.org,Aut id aliquid ut si,Aut voluptatem volup,,,,admin@softpers.com
Orla,,Duncan 40,qokylyxo@mailinator.com,12345654360,1/9/2023,https://www.luvoxil.net,https://www.ryfumi.org.uk,https://www.vuxamifu.co.uk,https://www.vyqeqozihagac.mobi,https://www.retivequsu.org,Aut id aliquid ut si,Aut voluptatem volup,,,,admin@softpers.com
Orla,,Duncan 41,qokylyxo@mailinator.com,12345654361,1/10/2023,https://www.luvoxil.net,https://www.ryfumi.org.uk,https://www.vuxamifu.co.uk,https://www.vyqeqozihagac.mobi,https://www.retivequsu.org,Aut id aliquid ut si,Aut voluptatem volup,,,,admin@softpers.com
Orla,,Duncan 42,qokylyxo@mailinator.com,12345654362,1/11/2023,https://www.luvoxil.net,https://www.ryfumi.org.uk,https://www.vuxamifu.co.uk,https://www.vyqeqozihagac.mobi,https://www.retivequsu.org,Aut id aliquid ut si,Aut voluptatem volup,,,,admin@softpers.com
Orla,,Duncan 43,qokylyxo@mailinator.com,12345654363,1/12/2023,https://www.luvoxil.net,https://www.ryfumi.org.uk,https://www.vuxamifu.co.uk,https://www.vyqeqozihagac.mobi,https://www.retivequsu.org,Aut id aliquid ut si,Aut voluptatem volup,,,,admin@softpers.com
Orla,,Duncan 44,qokylyxo@mailinator.com,12345654364,1/13/2023,https://www.luvoxil.net,https://www.ryfumi.org.uk,https://www.vuxamifu.co.uk,https://www.vyqeqozihagac.mobi,https://www.retivequsu.org,Aut id aliquid ut si,Aut voluptatem volup,,,,admin@softpers.com
Orla,,Duncan 45,qokylyxo@mailinator.com,12345654365,1/14/2023,https://www.luvoxil.net,https://www.ryfumi.org.uk,https://www.vuxamifu.co.uk,https://www.vyqeqozihagac.mobi,https://www.retivequsu.org,Aut id aliquid ut si,Aut voluptatem volup,,,,admin@softpers.com
Orla,,Duncan 46,qokylyxo@mailinator.com,12345654366,1/15/2023,https://www.luvoxil.net,https://www.ryfumi.org.uk,https://www.vuxamifu.co.uk,https://www.vyqeqozihagac.mobi,https://www.retivequsu.org,Aut id aliquid ut si,Aut voluptatem volup,,,,admin@softpers.com
Orla,,Duncan 47,qokylyxo@mailinator.com,12345654367,1/16/2023,https://www.luvoxil.net,https://www.ryfumi.org.uk,https://www.vuxamifu.co.uk,https://www.vyqeqozihagac.mobi,https://www.retivequsu.org,Aut id aliquid ut si,Aut voluptatem volup,,,,admin@softpers.com
Orla,,Duncan 48,qokylyxo@mailinator.com,12345654368,1/17/2023,https://www.luvoxil.net,https://www.ryfumi.org.uk,https://www.vuxamifu.co.uk,https://www.vyqeqozihagac.mobi,https://www.retivequsu.org,Aut id aliquid ut si,Aut voluptatem volup,,,,admin@softpers.com
Orla,,Duncan 49,qokylyxo@mailinator.com,12345654369,1/18/2023,https://www.luvoxil.net,https://www.ryfumi.org.uk,https://www.vuxamifu.co.uk,https://www.vyqeqozihagac.mobi,https://www.retivequsu.org,Aut id aliquid ut si,Aut voluptatem volup,,,,admin@softpers.com
Orla,,Duncan 50,qokylyxo@mailinator.com,12345654370,1/19/2023,https://www.luvoxil.net,https://www.ryfumi.org.uk,https://www.vuxamifu.co.uk,https://www.vyqeqozihagac.mobi,https://www.retivequsu.org,Aut id aliquid ut si,Aut voluptatem volup,,,,admin@softpers.com
Orla,,Duncan 51,qokylyxo@mailinator.com,12345654371,1/20/2023,https://www.luvoxil.net,https://www.ryfumi.org.uk,https://www.vuxamifu.co.uk,https://www.vyqeqozihagac.mobi,https://www.retivequsu.org,Aut id aliquid ut si,Aut voluptatem volup,,,,admin@softpers.com
Orla,,Duncan 52,qokylyxo@mailinator.com,12345654372,1/21/2023,https://www.luvoxil.net,https://www.ryfumi.org.uk,https://www.vuxamifu.co.uk,https://www.vyqeqozihagac.mobi,https://www.retivequsu.org,Aut id aliquid ut si,Aut voluptatem volup,,,,admin@softpers.com
Orla,,Duncan 53,qokylyxo@mailinator.com,12345654373,1/22/2023,https://www.luvoxil.net,https://www.ryfumi.org.uk,https://www.vuxamifu.co.uk,https://www.vyqeqozihagac.mobi,https://www.retivequsu.org,Aut id aliquid ut si,Aut voluptatem volup,,,,admin@softpers.com
Orla,,Duncan 54,qokylyxo@mailinator.com,12345654374,1/23/2023,https://www.luvoxil.net,https://www.ryfumi.org.uk,https://www.vuxamifu.co.uk,https://www.vyqeqozihagac.mobi,https://www.retivequsu.org,Aut id aliquid ut si,Aut voluptatem volup,,,,admin@softpers.com
Orla,,Duncan 55,qokylyxo@mailinator.com,12345654375,1/24/2023,https://www.luvoxil.net,https://www.ryfumi.org.uk,https://www.vuxamifu.co.uk,https://www.vyqeqozihagac.mobi,https://www.retivequsu.org,Aut id aliquid ut si,Aut voluptatem volup,,,,admin@softpers.com
Orla,,Duncan 56,qokylyxo@mailinator.com,12345654376,1/25/2023,https://www.luvoxil.net,https://www.ryfumi.org.uk,https://www.vuxamifu.co.uk,https://www.vyqeqozihagac.mobi,https://www.retivequsu.org,Aut id aliquid ut si,Aut voluptatem volup,,,,admin@softpers.com
Orla,,Duncan 57,qokylyxo@mailinator.com,12345654377,1/26/2023,https://www.luvoxil.net,https://www.ryfumi.org.uk,https://www.vuxamifu.co.uk,https://www.vyqeqozihagac.mobi,https://www.retivequsu.org,Aut id aliquid ut si,Aut voluptatem volup,,,,admin@softpers.com
Orla,,Duncan 58,qokylyxo@mailinator.com,12345654378,1/27/2023,https://www.luvoxil.net,https://www.ryfumi.org.uk,https://www.vuxamifu.co.uk,https://www.vyqeqozihagac.mobi,https://www.retivequsu.org,Aut id aliquid ut si,Aut voluptatem volup,,,,admin@softpers.com
Orla,,Duncan 59,qokylyxo@mailinator.com,12345654379,1/28/2023,https://www.luvoxil.net,https://www.ryfumi.org.uk,https://www.vuxamifu.co.uk,https://www.vyqeqozihagac.mobi,https://www.retivequsu.org,Aut id aliquid ut si,Aut voluptatem volup,,,,admin@softpers.com
Orla,,Duncan 60,qokylyxo@mailinator.com,12345654380,1/29/2023,https://www.luvoxil.net,https://www.ryfumi.org.uk,https://www.vuxamifu.co.uk,https://www.vyqeqozihagac.mobi,https://www.retivequsu.org,Aut id aliquid ut si,Aut voluptatem volup,,,,admin@softpers.com
Orla,,Duncan 61,qokylyxo@mailinator.com,12345654381,1/30/2023,https://www.luvoxil.net,https://www.ryfumi.org.uk,https://www.vuxamifu.co.uk,https://www.vyqeqozihagac.mobi,https://www.retivequsu.org,Aut id aliquid ut si,Aut voluptatem volup,,,,admin@softpers.com
Orla,,Duncan 62,qokylyxo@mailinator.com,12345654382,1/31/2023,https://www.luvoxil.net,https://www.ryfumi.org.uk,https://www.vuxamifu.co.uk,https://www.vyqeqozihagac.mobi,https://www.retivequsu.org,Aut id aliquid ut si,Aut voluptatem volup,,,,admin@softpers.com
Orla,,Duncan 63,qokylyxo@mailinator.com,12345654383,2/1/2023,https://www.luvoxil.net,https://www.ryfumi.org.uk,https://www.vuxamifu.co.uk,https://www.vyqeqozihagac.mobi,https://www.retivequsu.org,Aut id aliquid ut si,Aut voluptatem volup,,,,admin@softpers.com
Orla,,Duncan 64,qokylyxo@mailinator.com,12345654384,2/2/2023,https://www.luvoxil.net,https://www.ryfumi.org.uk,https://www.vuxamifu.co.uk,https://www.vyqeqozihagac.mobi,https://www.retivequsu.org,Aut id aliquid ut si,Aut voluptatem volup,,,,admin@softpers.com
Orla,,Duncan 65,qokylyxo@mailinator.com,12345654385,2/3/2023,https://www.luvoxil.net,https://www.ryfumi.org.uk,https://www.vuxamifu.co.uk,https://www.vyqeqozihagac.mobi,https://www.retivequsu.org,Aut id aliquid ut si,Aut voluptatem volup,,,,admin@softpers.com
Orla,,Duncan 66,qokylyxo@mailinator.com,12345654386,2/4/2023,https://www.luvoxil.net,https://www.ryfumi.org.uk,https://www.vuxamifu.co.uk,https://www.vyqeqozihagac.mobi,https://www.retivequsu.org,Aut id aliquid ut si,Aut voluptatem volup,,,,admin@softpers.com
Orla,,Duncan 67,qokylyxo@mailinator.com,12345654387,2/5/2023,https://www.luvoxil.net,https://www.ryfumi.org.uk,https://www.vuxamifu.co.uk,https://www.vyqeqozihagac.mobi,https://www.retivequsu.org,Aut id aliquid ut si,Aut voluptatem volup,,,,admin@softpers.com
Orla,,Duncan 68,qokylyxo@mailinator.com,12345654388,2/6/2023,https://www.luvoxil.net,https://www.ryfumi.org.uk,https://www.vuxamifu.co.uk,https://www.vyqeqozihagac.mobi,https://www.retivequsu.org,Aut id aliquid ut si,Aut voluptatem volup,,,,admin@softpers.com
Orla,,Duncan 69,qokylyxo@mailinator.com,12345654389,2/7/2023,https://www.luvoxil.net,https://www.ryfumi.org.uk,https://www.vuxamifu.co.uk,https://www.vyqeqozihagac.mobi,https://www.retivequsu.org,Aut id aliquid ut si,Aut voluptatem volup,,,,admin@softpers.com
Orla,,Duncan 70,qokylyxo@mailinator.com,12345654390,2/8/2023,https://www.luvoxil.net,https://www.ryfumi.org.uk,https://www.vuxamifu.co.uk,https://www.vyqeqozihagac.mobi,https://www.retivequsu.org,Aut id aliquid ut si,Aut voluptatem volup,,,,admin@softpers.com
Orla,,Duncan 71,qokylyxo@mailinator.com,12345654391,2/9/2023,https://www.luvoxil.net,https://www.ryfumi.org.uk,https://www.vuxamifu.co.uk,https://www.vyqeqozihagac.mobi,https://www.retivequsu.org,Aut id aliquid ut si,Aut voluptatem volup,,,,admin@softpers.com
Orla,,Duncan 72,qokylyxo@mailinator.com,12345654392,2/10/2023,https://www.luvoxil.net,https://www.ryfumi.org.uk,https://www.vuxamifu.co.uk,https://www.vyqeqozihagac.mobi,https://www.retivequsu.org,Aut id aliquid ut si,Aut voluptatem volup,,,,admin@softpers.com
Orla,,Duncan 73,qokylyxo@mailinator.com,12345654393,2/11/2023,https://www.luvoxil.net,https://www.ryfumi.org.uk,https://www.vuxamifu.co.uk,https://www.vyqeqozihagac.mobi,https://www.retivequsu.org,Aut id aliquid ut si,Aut voluptatem volup,,,,admin@softpers.com
Orla,,Duncan 74,qokylyxo@mailinator.com,12345654394,2/12/2023,https://www.luvoxil.net,https://www.ryfumi.org.uk,https://www.vuxamifu.co.uk,https://www.vyqeqozihagac.mobi,https://www.retivequsu.org,Aut id aliquid ut si,Aut voluptatem volup,,,,admin@softpers.com
Orla,,Duncan 75,qokylyxo@mailinator.com,12345654395,2/13/2023,https://www.luvoxil.net,https://www.ryfumi.org.uk,https://www.vuxamifu.co.uk,https://www.vyqeqozihagac.mobi,https://www.retivequsu.org,Aut id aliquid ut si,Aut voluptatem volup,,,,admin@softpers.com
Orla,,Duncan 76,qokylyxo@mailinator.com,12345654396,2/14/2023,https://www.luvoxil.net,https://www.ryfumi.org.uk,https://www.vuxamifu.co.uk,https://www.vyqeqozihagac.mobi,https://www.retivequsu.org,Aut id aliquid ut si,Aut voluptatem volup,,,,admin@softpers.com
Orla,,Duncan 77,qokylyxo@mailinator.com,12345654397,2/15/2023,https://www.luvoxil.net,https://www.ryfumi.org.uk,https://www.vuxamifu.co.uk,https://www.vyqeqozihagac.mobi,https://www.retivequsu.org,Aut id aliquid ut si,Aut voluptatem volup,,,,admin@softpers.com
Orla,,Duncan 78,qokylyxo@mailinator.com,12345654398,2/16/2023,https://www.luvoxil.net,https://www.ryfumi.org.uk,https://www.vuxamifu.co.uk,https://www.vyqeqozihagac.mobi,https://www.retivequsu.org,Aut id aliquid ut si,Aut voluptatem volup,,,,admin@softpers.com
Orla,,Duncan 79,qokylyxo@mailinator.com,12345654399,2/17/2023,https://www.luvoxil.net,https://www.ryfumi.org.uk,https://www.vuxamifu.co.uk,https://www.vyqeqozihagac.mobi,https://www.retivequsu.org,Aut id aliquid ut si,Aut voluptatem volup,,,,admin@softpers.com
Orla,,Duncan 80,qokylyxo@mailinator.com,12345654400,2/18/2023,https://www.luvoxil.net,https://www.ryfumi.org.uk,https://www.vuxamifu.co.uk,https://www.vyqeqozihagac.mobi,https://www.retivequsu.org,Aut id aliquid ut si,Aut voluptatem volup,,,,admin@softpers.com
Orla,,Duncan 81,qokylyxo@mailinator.com,12345654401,2/19/2023,https://www.luvoxil.net,https://www.ryfumi.org.uk,https://www.vuxamifu.co.uk,https://www.vyqeqozihagac.mobi,https://www.retivequsu.org,Aut id aliquid ut si,Aut voluptatem volup,,,,admin@softpers.com
Orla,,Duncan 82,qokylyxo@mailinator.com,12345654402,2/20/2023,https://www.luvoxil.net,https://www.ryfumi.org.uk,https://www.vuxamifu.co.uk,https://www.vyqeqozihagac.mobi,https://www.retivequsu.org,Aut id aliquid ut si,Aut voluptatem volup,,,,admin@softpers.com
Orla,,Duncan 83,qokylyxo@mailinator.com,12345654403,2/21/2023,https://www.luvoxil.net,https://www.ryfumi.org.uk,https://www.vuxamifu.co.uk,https://www.vyqeqozihagac.mobi,https://www.retivequsu.org,Aut id aliquid ut si,Aut voluptatem volup,,,,admin@softpers.com
Orla,,Duncan 84,qokylyxo@mailinator.com,12345654404,2/22/2023,https://www.luvoxil.net,https://www.ryfumi.org.uk,https://www.vuxamifu.co.uk,https://www.vyqeqozihagac.mobi,https://www.retivequsu.org,Aut id aliquid ut si,Aut voluptatem volup,,,,admin@softpers.com
Orla,,Duncan 85,qokylyxo@mailinator.com,12345654405,2/23/2023,https://www.luvoxil.net,https://www.ryfumi.org.uk,https://www.vuxamifu.co.uk,https://www.vyqeqozihagac.mobi,https://www.retivequsu.org,Aut id aliquid ut si,Aut voluptatem volup,,,,admin@softpers.com
Orla,,Duncan 86,qokylyxo@mailinator.com,12345654406,2/24/2023,https://www.luvoxil.net,https://www.ryfumi.org.uk,https://www.vuxamifu.co.uk,https://www.vyqeqozihagac.mobi,https://www.retivequsu.org,Aut id aliquid ut si,Aut voluptatem volup,,,,admin@softpers.com
Orla,,Duncan 87,qokylyxo@mailinator.com,12345654407,2/25/2023,https://www.luvoxil.net,https://www.ryfumi.org.uk,https://www.vuxamifu.co.uk,https://www.vyqeqozihagac.mobi,https://www.retivequsu.org,Aut id aliquid ut si,Aut voluptatem volup,,,,admin@softpers.com
Orla,,Duncan 88,qokylyxo@mailinator.com,12345654408,2/26/2023,https://www.luvoxil.net,https://www.ryfumi.org.uk,https://www.vuxamifu.co.uk,https://www.vyqeqozihagac.mobi,https://www.retivequsu.org,Aut id aliquid ut si,Aut voluptatem volup,,,,admin@softpers.com
Orla,,Duncan 89,qokylyxo@mailinator.com,12345654409,2/27/2023,https://www.luvoxil.net,https://www.ryfumi.org.uk,https://www.vuxamifu.co.uk,https://www.vyqeqozihagac.mobi,https://www.retivequsu.org,Aut id aliquid ut si,Aut voluptatem volup,,,,admin@softpers.com
Orla,,Duncan 90,qokylyxo@mailinator.com,12345654410,2/28/2023,https://www.luvoxil.net,https://www.ryfumi.org.uk,https://www.vuxamifu.co.uk,https://www.vyqeqozihagac.mobi,https://www.retivequsu.org,Aut id aliquid ut si,Aut voluptatem volup,,,,admin@softpers.com
Orla,,Duncan 91,qokylyxo@mailinator.com,12345654411,3/1/2023,https://www.luvoxil.net,https://www.ryfumi.org.uk,https://www.vuxamifu.co.uk,https://www.vyqeqozihagac.mobi,https://www.retivequsu.org,Aut id aliquid ut si,Aut voluptatem volup,,,,admin@softpers.com
Orla,,Duncan 92,qokylyxo@mailinator.com,12345654412,3/2/2023,https://www.luvoxil.net,https://www.ryfumi.org.uk,https://www.vuxamifu.co.uk,https://www.vyqeqozihagac.mobi,https://www.retivequsu.org,Aut id aliquid ut si,Aut voluptatem volup,,,,admin@softpers.com
Orla,,Duncan 93,qokylyxo@mailinator.com,12345654413,3/3/2023,https://www.luvoxil.net,https://www.ryfumi.org.uk,https://www.vuxamifu.co.uk,https://www.vyqeqozihagac.mobi,https://www.retivequsu.org,Aut id aliquid ut si,Aut voluptatem volup,,,,admin@softpers.com
Orla,,Duncan 94,qokylyxo@mailinator.com,12345654414,3/4/2023,https://www.luvoxil.net,https://www.ryfumi.org.uk,https://www.vuxamifu.co.uk,https://www.vyqeqozihagac.mobi,https://www.retivequsu.org,Aut id aliquid ut si,Aut voluptatem volup,,,,admin@softpers.com
Orla,,Duncan 95,qokylyxo@mailinator.com,12345654415,3/5/2023,https://www.luvoxil.net,https://www.ryfumi.org.uk,https://www.vuxamifu.co.uk,https://www.vyqeqozihagac.mobi,https://www.retivequsu.org,Aut id aliquid ut si,Aut voluptatem volup,,,,admin@softpers.com
Orla,,Duncan 96,qokylyxo@mailinator.com,12345654416,3/6/2023,https://www.luvoxil.net,https://www.ryfumi.org.uk,https://www.vuxamifu.co.uk,https://www.vyqeqozihagac.mobi,https://www.retivequsu.org,Aut id aliquid ut si,Aut voluptatem volup,,,,admin@softpers.com
Orla,,Duncan 97,qokylyxo@mailinator.com,12345654417,3/7/2023,https://www.luvoxil.net,https://www.ryfumi.org.uk,https://www.vuxamifu.co.uk,https://www.vyqeqozihagac.mobi,https://www.retivequsu.org,Aut id aliquid ut si,Aut voluptatem volup,,,,admin@softpers.com
Orla,,Duncan 98,qokylyxo@mailinator.com,12345654418,3/8/2023,https://www.luvoxil.net,https://www.ryfumi.org.uk,https://www.vuxamifu.co.uk,https://www.vyqeqozihagac.mobi,https://www.retivequsu.org,Aut id aliquid ut si,Aut voluptatem volup,,,,admin@softpers.com
Orla,,Duncan 99,qokylyxo@mailinator.com,12345654419,3/9/2023,https://www.luvoxil.net,https://www.ryfumi.org.uk,https://www.vuxamifu.co.uk,https://www.vyqeqozihagac.mobi,https://www.retivequsu.org,Aut id aliquid ut si,Aut voluptatem volup,,,,admin@softpers.com
Orla,,Duncan 100,qokylyxo@mailinator.com,12345654420,3/10/2023,https://www.luvoxil.net,https://www.ryfumi.org.uk,https://www.vuxamifu.co.uk,https://www.vyqeqozihagac.mobi,https://www.retivequsu.org,Aut id aliquid ut si,Aut voluptatem volup,,,,admin@softpers.com
Orla,,Duncan 101,qokylyxo@mailinator.com,12345654421,3/11/2023,https://www.luvoxil.net,https://www.ryfumi.org.uk,https://www.vuxamifu.co.uk,https://www.vyqeqozihagac.mobi,https://www.retivequsu.org,Aut id aliquid ut si,Aut voluptatem volup,,,,admin@softpers.com
Orla,,Duncan 102,qokylyxo@mailinator.com,12345654422,3/12/2023,https://www.luvoxil.net,https://www.ryfumi.org.uk,https://www.vuxamifu.co.uk,https://www.vyqeqozihagac.mobi,https://www.retivequsu.org,Aut id aliquid ut si,Aut voluptatem volup,,,,admin@softpers.com
Orla,,Duncan 103,qokylyxo@mailinator.com,12345654423,3/13/2023,https://www.luvoxil.net,https://www.ryfumi.org.uk,https://www.vuxamifu.co.uk,https://www.vyqeqozihagac.mobi,https://www.retivequsu.org,Aut id aliquid ut si,Aut voluptatem volup,,,,admin@softpers.com
Orla,,Duncan 104,qokylyxo@mailinator.com,12345654424,3/14/2023,https://www.luvoxil.net,https://www.ryfumi.org.uk,https://www.vuxamifu.co.uk,https://www.vyqeqozihagac.mobi,https://www.retivequsu.org,Aut id aliquid ut si,Aut voluptatem volup,,,,admin@softpers.com
Orla,,Duncan 105,qokylyxo@mailinator.com,12345654425,3/15/2023,https://www.luvoxil.net,https://www.ryfumi.org.uk,https://www.vuxamifu.co.uk,https://www.vyqeqozihagac.mobi,https://www.retivequsu.org,Aut id aliquid ut si,Aut voluptatem volup,,,,admin@softpers.com
Orla,,Duncan 106,qokylyxo@mailinator.com,12345654426,3/16/2023,https://www.luvoxil.net,https://www.ryfumi.org.uk,https://www.vuxamifu.co.uk,https://www.vyqeqozihagac.mobi,https://www.retivequsu.org,Aut id aliquid ut si,Aut voluptatem volup,,,,admin@softpers.com
Orla,,Duncan 107,qokylyxo@mailinator.com,12345654427,3/17/2023,https://www.luvoxil.net,https://www.ryfumi.org.uk,https://www.vuxamifu.co.uk,https://www.vyqeqozihagac.mobi,https://www.retivequsu.org,Aut id aliquid ut si,Aut voluptatem volup,,,,admin@softpers.com
Orla,,Duncan 108,qokylyxo@mailinator.com,12345654428,3/18/2023,https://www.luvoxil.net,https://www.ryfumi.org.uk,https://www.vuxamifu.co.uk,https://www.vyqeqozihagac.mobi,https://www.retivequsu.org,Aut id aliquid ut si,Aut voluptatem volup,,,,admin@softpers.com
Orla,,Duncan 109,qokylyxo@mailinator.com,12345654429,3/19/2023,https://www.luvoxil.net,https://www.ryfumi.org.uk,https://www.vuxamifu.co.uk,https://www.vyqeqozihagac.mobi,https://www.retivequsu.org,Aut id aliquid ut si,Aut voluptatem volup,,,,admin@softpers.com
Orla,,Duncan 110,qokylyxo@mailinator.com,12345654430,3/20/2023,https://www.luvoxil.net,https://www.ryfumi.org.uk,https://www.vuxamifu.co.uk,https://www.vyqeqozihagac.mobi,https://www.retivequsu.org,Aut id aliquid ut si,Aut voluptatem volup,,,,admin@softpers.com
Orla,,Duncan 111,qokylyxo@mailinator.com,12345654431,3/21/2023,https://www.luvoxil.net,https://www.ryfumi.org.uk,https://www.vuxamifu.co.uk,https://www.vyqeqozihagac.mobi,https://www.retivequsu.org,Aut id aliquid ut si,Aut voluptatem volup,,,,admin@softpers.com
Orla,,Duncan 112,qokylyxo@mailinator.com,12345654432,3/22/2023,https://www.luvoxil.net,https://www.ryfumi.org.uk,https://www.vuxamifu.co.uk,https://www.vyqeqozihagac.mobi,https://www.retivequsu.org,Aut id aliquid ut si,Aut voluptatem volup,,,,admin@softpers.com
Orla,,Duncan 113,qokylyxo@mailinator.com,12345654433,3/23/2023,https://www.luvoxil.net,https://www.ryfumi.org.uk,https://www.vuxamifu.co.uk,https://www.vyqeqozihagac.mobi,https://www.retivequsu.org,Aut id aliquid ut si,Aut voluptatem volup,,,,admin@softpers.com
Orla,,Duncan 114,qokylyxo@mailinator.com,12345654434,3/24/2023,https://www.luvoxil.net,https://www.ryfumi.org.uk,https://www.vuxamifu.co.uk,https://www.vyqeqozihagac.mobi,https://www.retivequsu.org,Aut id aliquid ut si,Aut voluptatem volup,,,,admin@softpers.com
Orla,,Duncan 115,qokylyxo@mailinator.com,12345654435,3/25/2023,https://www.luvoxil.net,https://www.ryfumi.org.uk,https://www.vuxamifu.co.uk,https://www.vyqeqozihagac.mobi,https://www.retivequsu.org,Aut id aliquid ut si,Aut voluptatem volup,,,,admin@softpers.com
Orla,,Duncan 116,qokylyxo@mailinator.com,12345654436,3/26/2023,https://www.luvoxil.net,https://www.ryfumi.org.uk,https://www.vuxamifu.co.uk,https://www.vyqeqozihagac.mobi,https://www.retivequsu.org,Aut id aliquid ut si,Aut voluptatem volup,,,,admin@softpers.com
Orla,,Duncan 117,qokylyxo@mailinator.com,12345654437,3/27/2023,https://www.luvoxil.net,https://www.ryfumi.org.uk,https://www.vuxamifu.co.uk,https://www.vyqeqozihagac.mobi,https://www.retivequsu.org,Aut id aliquid ut si,Aut voluptatem volup,,,,admin@softpers.com
Orla,,Duncan 118,qokylyxo@mailinator.com,12345654438,3/28/2023,https://www.luvoxil.net,https://www.ryfumi.org.uk,https://www.vuxamifu.co.uk,https://www.vyqeqozihagac.mobi,https://www.retivequsu.org,Aut id aliquid ut si,Aut voluptatem volup,,,,admin@softpers.com
Orla,,Duncan 119,qokylyxo@mailinator.com,12345654439,3/29/2023,https://www.luvoxil.net,https://www.ryfumi.org.uk,https://www.vuxamifu.co.uk,https://www.vyqeqozihagac.mobi,https://www.retivequsu.org,Aut id aliquid ut si,Aut voluptatem volup,,,,admin@softpers.com
Orla,,Duncan 120,qokylyxo@mailinator.com,12345654440,3/30/2023,https://www.luvoxil.net,https://www.ryfumi.org.uk,https://www.vuxamifu.co.uk,https://www.vyqeqozihagac.mobi,https://www.retivequsu.org,Aut id aliquid ut si,Aut voluptatem volup,,,,admin@softpers.com
Orla,,Duncan 121,qokylyxo@mailinator.com,12345654441,3/31/2023,https://www.luvoxil.net,https://www.ryfumi.org.uk,https://www.vuxamifu.co.uk,https://www.vyqeqozihagac.mobi,https://www.retivequsu.org,Aut id aliquid ut si,Aut voluptatem volup,,,,admin@softpers.com
Orla,,Duncan 122,qokylyxo@mailinator.com,12345654442,4/1/2023,https://www.luvoxil.net,https://www.ryfumi.org.uk,https://www.vuxamifu.co.uk,https://www.vyqeqozihagac.mobi,https://www.retivequsu.org,Aut id aliquid ut si,Aut voluptatem volup,,,,admin@softpers.com
Orla,,Duncan 123,qokylyxo@mailinator.com,12345654443,4/2/2023,https://www.luvoxil.net,https://www.ryfumi.org.uk,https://www.vuxamifu.co.uk,https://www.vyqeqozihagac.mobi,https://www.retivequsu.org,Aut id aliquid ut si,Aut voluptatem volup,,,,admin@softpers.com
Orla,,Duncan 124,qokylyxo@mailinator.com,12345654444,4/3/2023,https://www.luvoxil.net,https://www.ryfumi.org.uk,https://www.vuxamifu.co.uk,https://www.vyqeqozihagac.mobi,https://www.retivequsu.org,Aut id aliquid ut si,Aut voluptatem volup,,,,admin@softpers.com
Orla,,Duncan 125,qokylyxo@mailinator.com,12345654445,4/4/2023,https://www.luvoxil.net,https://www.ryfumi.org.uk,https://www.vuxamifu.co.uk,https://www.vyqeqozihagac.mobi,https://www.retivequsu.org,Aut id aliquid ut si,Aut voluptatem volup,,,,admin@softpers.com
Orla,,Duncan 126,qokylyxo@mailinator.com,12345654446,4/5/2023,https://www.luvoxil.net,https://www.ryfumi.org.uk,https://www.vuxamifu.co.uk,https://www.vyqeqozihagac.mobi,https://www.retivequsu.org,Aut id aliquid ut si,Aut voluptatem volup,,,,admin@softpers.com
Orla,,Duncan 127,qokylyxo@mailinator.com,12345654447,4/6/2023,https://www.luvoxil.net,https://www.ryfumi.org.uk,https://www.vuxamifu.co.uk,https://www.vyqeqozihagac.mobi,https://www.retivequsu.org,Aut id aliquid ut si,Aut voluptatem volup,,,,admin@softpers.com
Orla,,Duncan 128,qokylyxo@mailinator.com,12345654448,4/7/2023,https://www.luvoxil.net,https://www.ryfumi.org.uk,https://www.vuxamifu.co.uk,https://www.vyqeqozihagac.mobi,https://www.retivequsu.org,Aut id aliquid ut si,Aut voluptatem volup,,,,admin@softpers.com
Orla,,Duncan 129,qokylyxo@mailinator.com,12345654449,4/8/2023,https://www.luvoxil.net,https://www.ryfumi.org.uk,https://www.vuxamifu.co.uk,https://www.vyqeqozihagac.mobi,https://www.retivequsu.org,Aut id aliquid ut si,Aut voluptatem volup,,,,admin@softpers.com
Orla,,Duncan 130,qokylyxo@mailinator.com,12345654450,4/9/2023,https://www.luvoxil.net,https://www.ryfumi.org.uk,https://www.vuxamifu.co.uk,https://www.vyqeqozihagac.mobi,https://www.retivequsu.org,Aut id aliquid ut si,Aut voluptatem volup,,,,admin@softpers.com
Orla,,Duncan 131,qokylyxo@mailinator.com,12345654451,4/10/2023,https://www.luvoxil.net,https://www.ryfumi.org.uk,https://www.vuxamifu.co.uk,https://www.vyqeqozihagac.mobi,https://www.retivequsu.org,Aut id aliquid ut si,Aut voluptatem volup,,,,admin@softpers.com
Orla,,Duncan 132,qokylyxo@mailinator.com,12345654452,4/11/2023,https://www.luvoxil.net,https://www.ryfumi.org.uk,https://www.vuxamifu.co.uk,https://www.vyqeqozihagac.mobi,https://www.retivequsu.org,Aut id aliquid ut si,Aut voluptatem volup,,,,admin@softpers.com
Orla,,Duncan 133,qokylyxo@mailinator.com,12345654453,4/12/2023,https://www.luvoxil.net,https://www.ryfumi.org.uk,https://www.vuxamifu.co.uk,https://www.vyqeqozihagac.mobi,https://www.retivequsu.org,Aut id aliquid ut si,Aut voluptatem volup,,,,admin@softpers.com
Orla,,Duncan 134,qokylyxo@mailinator.com,12345654454,4/13/2023,https://www.luvoxil.net,https://www.ryfumi.org.uk,https://www.vuxamifu.co.uk,https://www.vyqeqozihagac.mobi,https://www.retivequsu.org,Aut id aliquid ut si,Aut voluptatem volup,,,,admin@softpers.com
Orla,,Duncan 135,qokylyxo@mailinator.com,12345654455,4/14/2023,https://www.luvoxil.net,https://www.ryfumi.org.uk,https://www.vuxamifu.co.uk,https://www.vyqeqozihagac.mobi,https://www.retivequsu.org,Aut id aliquid ut si,Aut voluptatem volup,,,,admin@softpers.com
Orla,,Duncan 136,qokylyxo@mailinator.com,12345654456,4/15/2023,https://www.luvoxil.net,https://www.ryfumi.org.uk,https://www.vuxamifu.co.uk,https://www.vyqeqozihagac.mobi,https://www.retivequsu.org,Aut id aliquid ut si,Aut voluptatem volup,,,,admin@softpers.com
Orla,,Duncan 137,qokylyxo@mailinator.com,12345654457,4/16/2023,https://www.luvoxil.net,https://www.ryfumi.org.uk,https://www.vuxamifu.co.uk,https://www.vyqeqozihagac.mobi,https://www.retivequsu.org,Aut id aliquid ut si,Aut voluptatem volup,,,,admin@softpers.com
Orla,,Duncan 138,qokylyxo@mailinator.com,12345654458,4/17/2023,https://www.luvoxil.net,https://www.ryfumi.org.uk,https://www.vuxamifu.co.uk,https://www.vyqeqozihagac.mobi,https://www.retivequsu.org,Aut id aliquid ut si,Aut voluptatem volup,,,,admin@softpers.com
Orla,,Duncan 139,qokylyxo@mailinator.com,12345654459,4/18/2023,https://www.luvoxil.net,https://www.ryfumi.org.uk,https://www.vuxamifu.co.uk,https://www.vyqeqozihagac.mobi,https://www.retivequsu.org,Aut id aliquid ut si,Aut voluptatem volup,,,,admin@softpers.com

